type_liaison;isolation_mur;type_isolation_mur;isolation_plancher;type_isolation_plancher;type_pose_menuiserie;presence_retour_isolation;largeur_dormant/lte;largeur_dormant/gt;kpt;tv_pont_thermique_id
refend_mur;0;;;;;;;;0.73;64
refend_mur;1;iti;;;;;;;0.82;65
refend_mur;1;ite;;;;;;;0.13;66
refend_mur;1;itr;;;;;;;0.2;67
refend_mur;1;iti_ite;;;;;;;0.13;68
refend_mur;1;itr_iti;;;;;;;0.2;69
refend_mur;1;itr_ite;;;;;;;0.13;70
refend_mur;1;itr_iti_ite;;;;;;;0.13;70
plancher_intermediaire_mur;0;;;;;;;;0.86;29
plancher_intermediaire_mur;1;iti;;;;;;;0.92;30
plancher_intermediaire_mur;1;ite;;;;;;;0.13;31
plancher_intermediaire_mur;1;itr;;;;;;;0.24;32
plancher_intermediaire_mur;1;iti_ite;;;;;;;0.13;33
plancher_intermediaire_mur;1;itr_iti;;;;;;;0.24;34
plancher_intermediaire_mur;1;itr_ite;;;;;;;0.13;35
plancher_intermediaire_mur;1;itr_iti_ite;;;;;;;0.13;35
plancher_haut_mur;0;;0;;;;;;0.3;36
plancher_haut_mur;0;;1;iti;;;;;0.83;37
plancher_haut_mur;0;;1;ite;;;;;0.4;38
plancher_haut_mur;0;;1;itr;;;;;0.4;38
plancher_haut_mur;0;;1;itr_ite;;;;;0.4;38
plancher_haut_mur;0;;1;iti_ite;;;;;0.4;39
plancher_haut_mur;0;;1;itr_iti;;;;;0.4;39
plancher_haut_mur;0;;1;itr_iti_ite;;;;;0.4;39
plancher_haut_mur;1;iti;0;;;;;;0.27;40
plancher_haut_mur;1;iti;1;iti;;;;;0.07;41
plancher_haut_mur;1;iti;1;ite;;;;;0.75;42
plancher_haut_mur;1;iti;1;itr;;;;;0.75;42
plancher_haut_mur;1;iti;1;itr_ite;;;;;0.75;42
plancher_haut_mur;1;iti;1;iti_ite;;;;;0.07;43
plancher_haut_mur;1;iti;1;itr_iti;;;;;0.07;43
plancher_haut_mur;1;iti;1;itr_iti_ite;;;;;0.07;43
plancher_haut_mur;1;ite;0;;;;;;0.55;44
plancher_haut_mur;1;ite;1;iti;;;;;0.76;45
plancher_haut_mur;1;ite;1;ite;;;;;0.58;46
plancher_haut_mur;1;ite;1;itr;;;;;0.58;46
plancher_haut_mur;1;ite;1;itr_ite;;;;;0.58;46
plancher_haut_mur;1;ite;1;iti_ite;;;;;0.58;47
plancher_haut_mur;1;ite;1;itr_iti;;;;;0.58;47
plancher_haut_mur;1;ite;1;itr_iti_ite;;;;;0.58;47
plancher_haut_mur;1;itr;0;;;;;;0.4;48
plancher_haut_mur;1;itr;1;iti;;;;;0.3;49
plancher_haut_mur;1;itr;1;ite;;;;;0.48;50
plancher_haut_mur;1;itr;1;itr;;;;;0.48;50
plancher_haut_mur;1;itr;1;itr_ite;;;;;0.48;50
plancher_haut_mur;1;itr;1;iti_ite;;;;;0.3;51
plancher_haut_mur;1;itr;1;itr_iti;;;;;0.3;51
plancher_haut_mur;1;itr;1;itr_iti_ite;;;;;0.3;51
plancher_haut_mur;1;iti_ite;0;;;;;;0.27;52
plancher_haut_mur;1;iti_ite;1;iti;;;;;0.07;53
plancher_haut_mur;1;iti_ite;1;ite;;;;;0.58;54
plancher_haut_mur;1;iti_ite;1;itr;;;;;0.58;54
plancher_haut_mur;1;iti_ite;1;itr_ite;;;;;0.58;54
plancher_haut_mur;1;iti_ite;1;iti_ite;;;;;0.07;55
plancher_haut_mur;1;iti_ite;1;itr_iti;;;;;0.07;55
plancher_haut_mur;1;iti_ite;1;itr_iti_ite;;;;;0.07;55
plancher_haut_mur;1;itr_iti;0;;;;;;0.27;56
plancher_haut_mur;1;itr_iti_ite;0;;;;;;0.27;56
plancher_haut_mur;1;itr_iti;1;iti;;;;;0.07;57
plancher_haut_mur;1;itr_iti_ite;1;iti;;;;;0.07;57
plancher_haut_mur;1;itr_iti;1;ite;;;;;0.48;58
plancher_haut_mur;1;itr_iti;1;itr;;;;;0.48;58
plancher_haut_mur;1;itr_iti;1;itr_ite;;;;;0.48;58
plancher_haut_mur;1;itr_iti_ite;1;ite;;;;;0.48;58
plancher_haut_mur;1;itr_iti_ite;1;itr;;;;;0.48;58
plancher_haut_mur;1;itr_iti_ite;1;itr_ite;;;;;0.48;58
plancher_haut_mur;1;itr_iti;1;iti_ite;;;;;0.07;59
plancher_haut_mur;1;itr_iti;1;itr_iti;;;;;0.07;59
plancher_haut_mur;1;itr_iti;1;itr_iti_ite;;;;;0.07;59
plancher_haut_mur;1;itr_iti_ite;1;iti_ite;;;;;0.07;59
plancher_haut_mur;1;itr_iti_ite;1;itr_iti;;;;;0.07;59
plancher_haut_mur;1;itr_iti_ite;1;itr_iti_ite;;;;;0.07;59
plancher_haut_mur;1;itr_ite;0;;;;;;0.4;60
plancher_haut_mur;1;itr_ite;1;iti;;;;;0.3;61
plancher_haut_mur;1;itr_ite;1;ite;;;;;0.48;62
plancher_haut_mur;1;itr_ite;1;itr;;;;;0.48;62
plancher_haut_mur;1;itr_ite;1;itr_ite;;;;;0.48;62
plancher_haut_mur;1;itr_ite;1;iti_ite;;;;;0.3;63
plancher_haut_mur;1;itr_ite;1;itr_iti;;;;;0.3;63
plancher_haut_mur;1;itr_ite;1;itr_iti_ite;;;;;0.3;63
plancher_bas_mur;0;;0;;;;;;0.39;1
plancher_bas_mur;0;;1;iti;;;;;0.47;2
plancher_bas_mur;0;;1;ite;;;;;0.8;3
plancher_bas_mur;0;;1;itr;;;;;0.8;3
plancher_bas_mur;0;;1;itr_ite;;;;;0.8;3
plancher_bas_mur;0;;1;iti_ite;;;;;0.47;4
plancher_bas_mur;0;;1;itr_iti;;;;;0.47;4
plancher_bas_mur;0;;1;itr_iti_ite;;;;;0.47;4
plancher_bas_mur;1;iti;0;;;;;;0.31;5
plancher_bas_mur;1;iti;1;iti;;;;;0.08;6
plancher_bas_mur;1;iti;1;ite;;;;;0.71;7
plancher_bas_mur;1;iti;1;itr;;;;;0.71;7
plancher_bas_mur;1;iti;1;itr_ite;;;;;0.71;7
plancher_bas_mur;1;iti;1;iti_ite;;;;;0.08;8
plancher_bas_mur;1;iti;1;itr_iti;;;;;0.08;8
plancher_bas_mur;1;iti;1;itr_iti_ite;;;;;0.08;8
plancher_bas_mur;1;ite;0;;;;;;0.49;9
plancher_bas_mur;1;ite;1;iti;;;;;0.48;10
plancher_bas_mur;1;ite;1;ite;;;;;0.64;11
plancher_bas_mur;1;ite;1;itr;;;;;0.64;11
plancher_bas_mur;1;ite;1;itr_ite;;;;;0.64;11
plancher_bas_mur;1;ite;1;iti_ite;;;;;0.48;12
plancher_bas_mur;1;ite;1;itr_iti;;;;;0.48;12
plancher_bas_mur;1;ite;1;itr_iti_ite;;;;;0.48;12
plancher_bas_mur;1;itr;0;;;;;;0.35;13
plancher_bas_mur;1;itr;1;iti;;;;;0.1;14
plancher_bas_mur;1;itr;1;ite;;;;;0.45;15
plancher_bas_mur;1;itr;1;itr;;;;;0.45;15
plancher_bas_mur;1;itr;1;itr_ite;;;;;0.45;15
plancher_bas_mur;1;itr;1;iti_ite;;;;;0.1;16
plancher_bas_mur;1;itr;1;itr_iti;;;;;0.1;16
plancher_bas_mur;1;itr;1;itr_iti_ite;;;;;0.1;16
plancher_bas_mur;1;iti_ite;0;;;;;;0.31;17
plancher_bas_mur;1;iti_ite;1;iti;;;;;0.08;18
plancher_bas_mur;1;iti_ite;1;ite;;;;;0.45;19
plancher_bas_mur;1;iti_ite;1;itr;;;;;0.45;19
plancher_bas_mur;1;iti_ite;1;itr_ite;;;;;0.45;19
plancher_bas_mur;1;iti_ite;1;iti_ite;;;;;0.08;20
plancher_bas_mur;1;iti_ite;1;itr_iti;;;;;0.08;20
plancher_bas_mur;1;iti_ite;1;itr_iti_ite;;;;;0.08;20
plancher_bas_mur;1;itr_iti;0;;;;;;0.31;21
plancher_bas_mur;1;itr_iti_ite;0;;;;;;0.31;21
plancher_bas_mur;1;itr_iti;1;iti;;;;;0.08;22
plancher_bas_mur;1;itr_iti_ite;1;iti;;;;;0.08;22
plancher_bas_mur;1;itr_iti;1;ite;;;;;0.45;23
plancher_bas_mur;1;itr_iti;1;itr;;;;;0.45;23
plancher_bas_mur;1;itr_iti;1;itr_ite;;;;;0.45;23
plancher_bas_mur;1;itr_iti_ite;1;ite;;;;;0.45;23
plancher_bas_mur;1;itr_iti_ite;1;itr;;;;;0.45;23
plancher_bas_mur;1;itr_iti_ite;1;itr_ite;;;;;0.45;23
plancher_bas_mur;1;itr_iti;1;iti_ite;;;;;0.08;24
plancher_bas_mur;1;itr_iti;1;itr_iti;;;;;0.08;24
plancher_bas_mur;1;itr_iti;1;itr_iti_ite;;;;;0.08;24
plancher_bas_mur;1;itr_iti_ite;1;iti_ite;;;;;0.08;24
plancher_bas_mur;1;itr_iti_ite;1;itr_iti;;;;;0.08;24
plancher_bas_mur;1;itr_iti_ite;1;itr_iti_ite;;;;;0.08;24
plancher_bas_mur;1;itr_ite;0;;;;;;0.35;25
plancher_bas_mur;1;itr_ite;1;iti;;;;;0.1;26
plancher_bas_mur;1;itr_ite;1;ite;;;;;0.45;27
plancher_bas_mur;1;itr_ite;1;itr;;;;;0.45;27
plancher_bas_mur;1;itr_ite;1;itr_ite;;;;;0.45;27
plancher_bas_mur;1;itr_ite;1;iti_ite;;;;;0.1;28
plancher_bas_mur;1;itr_ite;1;itr_iti;;;;;0.1;28
plancher_bas_mur;1;itr_ite;1;itr_iti_ite;;;;;0.1;28
baie_mur|porte_mur;0;;;;nu_exterieur;;75;;0.43;71
baie_mur|porte_mur;0;;;;tunnel;;75;;0.31;73
baie_mur|porte_mur;0;;;;nu_interieur;;75;;0.38;75
baie_mur|porte_mur;1;iti;;;nu_exterieur;1;75;;0.22;77
baie_mur|porte_mur;1;iti;;;tunnel;1;75;;0.16;79
baie_mur|porte_mur;1;iti;;;nu_interieur;1;75;;0;81
baie_mur|porte_mur;1;iti;;;nu_exterieur;0;75;;0.43;83
baie_mur|porte_mur;1;iti;;;tunnel;0;75;;0.31;85
baie_mur|porte_mur;1;iti;;;nu_interieur;0;75;;0;87
baie_mur|porte_mur;1;ite;;;nu_exterieur;1;75;;0;89
baie_mur|porte_mur;1;ite;;;tunnel;1;75;;0.19;91
baie_mur|porte_mur;1;ite;;;nu_interieur;1;75;;0.25;93
baie_mur|porte_mur;1;ite;;;nu_exterieur;0;75;;0;95
baie_mur|porte_mur;1;ite;;;tunnel;0;75;;0.45;97
baie_mur|porte_mur;1;ite;;;nu_interieur;0;75;;0.9;99
baie_mur|porte_mur;1;iti_ite;;;nu_exterieur;1;75;;0;102
baie_mur|porte_mur;1;iti_ite;;;tunnel;1;75;;0.16;104
baie_mur|porte_mur;1;iti_ite;;;nu_interieur;1;75;;0;106
baie_mur|porte_mur;1;iti_ite;;;nu_exterieur;0;75;;0;108
baie_mur|porte_mur;1;iti_ite;;;tunnel;0;75;;0.31;110
baie_mur|porte_mur;1;iti_ite;;;nu_interieur;0;75;;0;112
baie_mur|porte_mur;1;itr_iti;;;nu_exterieur;1;75;;0.2;114
baie_mur|porte_mur;1;itr_iti;;;tunnel;1;75;;0.16;116
baie_mur|porte_mur;1;itr_iti;;;nu_interieur;1;75;;0;118
baie_mur|porte_mur;1;itr_iti;;;nu_exterieur;0;75;;0.2;120
baie_mur|porte_mur;1;itr_iti;;;tunnel;0;75;;0.2;122
baie_mur|porte_mur;1;itr_iti;;;nu_interieur;0;75;;0;124
baie_mur|porte_mur;1;itr_ite;;;nu_exterieur;1;75;;0;126
baie_mur|porte_mur;1;itr_iti_ite;;;nu_exterieur;1;75;;0;126
baie_mur|porte_mur;1;itr_ite;;;tunnel;1;75;;0.19;128
baie_mur|porte_mur;1;itr_iti_ite;;;tunnel;1;75;;0.19;128
baie_mur|porte_mur;1;itr_ite;;;nu_interieur;1;75;;0.2;130
baie_mur|porte_mur;1;itr_iti_ite;;;nu_interieur;1;75;;0.2;130
baie_mur|porte_mur;1;itr_ite;;;nu_exterieur;0;75;;0;132
baie_mur|porte_mur;1;itr_iti_ite;;;nu_exterieur;0;75;;0;132
baie_mur|porte_mur;1;itr_ite;;;tunnel;0;75;;0.2;134
baie_mur|porte_mur;1;itr_iti_ite;;;tunnel;0;75;;0.2;134
baie_mur|porte_mur;1;itr_ite;;;nu_interieur;0;75;;0.2;136
baie_mur|porte_mur;1;itr_iti_ite;;;nu_interieur;0;75;;0.2;136
baie_mur|porte_mur;0;;;;nu_exterieur;;;75;0.29;72
baie_mur|porte_mur;0;;;;tunnel;;;75;0.19;74
baie_mur|porte_mur;0;;;;nu_interieur;;;75;0.25;76
baie_mur|porte_mur;1;iti;;;nu_exterieur;1;;75;0.18;78
baie_mur|porte_mur;1;iti;;;tunnel;1;;75;0.13;80
baie_mur|porte_mur;1;iti;;;nu_interieur;1;;75;0;82
baie_mur|porte_mur;1;iti;;;nu_exterieur;0;;75;0.29;84
baie_mur|porte_mur;1;iti;;;tunnel;0;;75;0.19;86
baie_mur|porte_mur;1;iti;;;nu_interieur;0;;75;0;88
baie_mur|porte_mur;1;ite;;;nu_exterieur;1;;75;0;90
baie_mur|porte_mur;1;ite;;;tunnel;1;;75;0.15;92
baie_mur|porte_mur;1;ite;;;nu_interieur;1;;75;0.2;94
baie_mur|porte_mur;1;ite;;;nu_exterieur;0;;75;0;96
baie_mur|porte_mur;1;ite;;;tunnel;0;;75;0.4;98
baie_mur|porte_mur;1;ite;;;nu_interieur;0;;75;0.8;100
baie_mur|porte_mur;1;iti_ite;;;nu_exterieur;1;;75;0;103
baie_mur|porte_mur;1;iti_ite;;;tunnel;1;;75;0.13;105
baie_mur|porte_mur;1;iti_ite;;;nu_interieur;1;;75;0;107
baie_mur|porte_mur;1;iti_ite;;;nu_exterieur;0;;75;0;109
baie_mur|porte_mur;1;iti_ite;;;tunnel;0;;75;0.19;111
baie_mur|porte_mur;1;iti_ite;;;nu_interieur;0;;75;0;113
baie_mur|porte_mur;1;itr_iti;;;nu_exterieur;1;;75;0.18;115
baie_mur|porte_mur;1;itr_iti;;;tunnel;1;;75;0.13;117
baie_mur|porte_mur;1;itr_iti;;;nu_interieur;1;;75;0;119
baie_mur|porte_mur;1;itr_iti;;;nu_exterieur;0;;75;0.2;121
baie_mur|porte_mur;1;itr_iti;;;tunnel;0;;75;0.19;123
baie_mur|porte_mur;1;itr_iti;;;nu_interieur;0;;75;0;125
baie_mur|porte_mur;1;itr_ite;;;nu_exterieur;1;;75;0;127
baie_mur|porte_mur;1;itr_iti_ite;;;nu_exterieur;1;;75;0;127
baie_mur|porte_mur;1;itr_ite;;;tunnel;1;;75;0.15;129
baie_mur|porte_mur;1;itr_iti_ite;;;tunnel;1;;75;0.15;129
baie_mur|porte_mur;1;itr_ite;;;nu_interieur;1;;75;0.2;131
baie_mur|porte_mur;1;itr_iti_ite;;;nu_interieur;1;;75;0.2;131
baie_mur|porte_mur;1;itr_ite;;;nu_exterieur;0;;75;0;133
baie_mur|porte_mur;1;itr_iti_ite;;;nu_exterieur;0;;75;0;133
baie_mur|porte_mur;1;itr_ite;;;tunnel;0;;75;0.2;135
baie_mur|porte_mur;1;itr_iti_ite;;;tunnel;0;;75;0.2;135
baie_mur|porte_mur;1;itr_ite;;;nu_interieur;0;;75;0.2;137
baie_mur|porte_mur;1;itr_iti_ite;;;nu_interieur;0;;75;0.2;137
baie_mur|porte_mur;1;itr;;;;;;;0.2;101
